TRACK_ID,TITLE,ARTIST,ALBUM,YEAR,GENRE,DURATION,BITRATE
track_0002263,On the other side,Sköhl Offensrüh,First Act.,2005.0,Rock,493,96kbps
track_0003346,Hey Girl,Mel's,Hey Girl,2005.0,Pop,194,96kbps
track_0003347,Un Sentier,Mel's,Hey Girl,2005.0,Rock,201,96kbps
track_0003348,Une Nuit,Mel's,Hey Girl,2005.0,Pop,253,96kbps
track_0003349,Traverse le Temps,Mel's,Hey Girl,2005.0,Pop,228,96kbps
track_0003350,Hey Girl (english version),Mel's,Hey Girl,2005.0,Pop,194,96kbps
track_0004639,New day,Alexander Blu,Some of my works from 1995-2005,2005.0,Ambient,187,96kbps
track_0004882,Orientale,Tom La Meche,Voyageur,2002.0,Jazz,210,96kbps
track_0004883,Pan,Tom La Meche,Voyageur,2002.0,world,249,96kbps
track_0004884,Transe formation,Tom La Meche,Voyageur,2002.0,world,216,96kbps
track_0004889,Rêve,Tom La Meche,Voyageur,2002.0,Jazz,178,96kbps
track_0005083,Rencontre du 7ième type,Tom La Meche,Personnel,2005.0,Jazz,165,96kbps
track_0005634,Wandering heart,Xcyril,Organique,2005.0,filmscore,228,96kbps
track_0005635,I need her but...,Xcyril,Organique,2005.0,Electronic,232,96kbps
track_0005636,We are not compatible,Xcyril,Organique,2005.0,Electronic,276,96kbps
track_0005637,Impossible choice,Xcyril,Organique,2005.0,filmscore,333,96kbps
track_0005638,The shouting of the animal,Xcyril,Organique,2005.0,Electronic,224,96kbps
track_0005640,In Morpheus' Arms,Xcyril,Organique,2005.0,filmscore,226,96kbps
track_0005641,Painful alarm clock at the cucurbitaceous ones,Xcyril,Organique,2005.0,Electronic,214,96kbps
track_0005642,Return to the house,Xcyril,Organique,2005.0,filmscore,216,96kbps
track_0005643,I am fed up there,Xcyril,Organique,2005.0,filmscore,231,96kbps
track_0006247,Introduction premier theme,Xcyril,Musiques pour films,2001.0,filmscore,380,96kbps
track_0006249,La decouverte et la conquete,Xcyril,Musiques pour films,2001.0,filmscore,364,96kbps
track_0006250,La mort,Xcyril,Musiques pour films,2001.0,filmscore,237,96kbps
track_0006251,La preparation,Xcyril,Musiques pour films,2001.0,filmscore,391,96kbps
track_0006252,Reverie,Xcyril,Musiques pour films,2001.0,filmscore,339,96kbps
track_0006253,L attente,Xcyril,Musiques pour films,2001.0,filmscore,270,96kbps
track_0006254,Introduction deuxieme theme,Xcyril,Musiques pour films,2001.0,Classical,480,96kbps
track_0006256,Suspence dans un film d action,Xcyril,Musiques pour films,2001.0,filmscore,235,96kbps
track_0006257,Psychedelique,Xcyril,Musiques pour films,2001.0,filmscore,207,96kbps
track_0006258,Elfman 01,Xcyril,Musiques pour films,2001.0,filmscore,175,96kbps
track_0006719,Northern Star,Steven Dunston,Hymns About Her (advance),2006.0,Pop,188,96kbps
track_0006720,America,Steven Dunston,Hymns About Her (advance),2006.0,Pop,131,96kbps
track_0006721,Sideways,Steven Dunston,Hymns About Her (advance),2006.0,Ambient,150,96kbps
track_0006722,Gravity,Steven Dunston,Hymns About Her (advance),2006.0,Pop,176,96kbps
track_0006723,California,Steven Dunston,Hymns About Her (advance),2006.0,Pop,212,96kbps
track_0006724,Little White Church,Steven Dunston,Hymns About Her (advance),2006.0,Pop,154,96kbps
track_0006725,Tonic and Gin,Steven Dunston,Hymns About Her (advance),2006.0,Pop,230,96kbps
track_0006726,Lyle Love Song,Steven Dunston,Hymns About Her (advance),2006.0,Country,185,96kbps
track_0006727,Resignation,Steven Dunston,Hymns About Her (advance),2006.0,Classical,159,96kbps
track_0006728,You Believe,Steven Dunston,Hymns About Her (advance),2006.0,Pop,239,96kbps
track_0006729,When I Was With You,Steven Dunston,Hymns About Her (advance),2006.0,Pop,209,96kbps
track_0006730,Man of Faith,Steven Dunston,Hymns About Her (advance),2006.0,Pop,206,96kbps
track_0006731,Slow Road,Steven Dunston,Hymns About Her (advance),2006.0,Pop,170,96kbps
track_0006732,Piano Forte,Steven Dunston,Hymns About Her (advance),2006.0,Pop,186,96kbps
track_0007358,Danger Girl,Steven Dunston,To Get Home Before Night Comes,2003.0,Pop,240,96kbps
track_0007359,Move a Little Closer,Steven Dunston,To Get Home Before Night Comes,2003.0,Pop,221,96kbps
track_0007360,Better Man,Steven Dunston,To Get Home Before Night Comes,2003.0,Pop,231,96kbps
track_0007361,360 Degrees,Steven Dunston,To Get Home Before Night Comes,2003.0,Pop,167,96kbps
track_0007362,Forgive Me,Steven Dunston,To Get Home Before Night Comes,2003.0,Pop,235,96kbps
track_0007363,Lost in My Head,Steven Dunston,To Get Home Before Night Comes,2003.0,Pop,235,96kbps
track_0007364,Alone in a Room,Steven Dunston,To Get Home Before Night Comes,2003.0,Pop,145,96kbps
track_0007391,Au coeur des villes / Feat . Cynthia,Spleen-Musical,Spleen,2006.0,chansonfrancaise,187,96kbps
track_0007394,The slow season,Spleen-Musical,Spleen,2006.0,Pop,150,96kbps
track_0007395,The girl with the wings,Spleen-Musical,Spleen,2006.0,Pop,109,96kbps
track_0011839,bluzynette,Fadièse,Pomponette,2006.0,Jazz,211,96kbps
track_0011840,pomponette,Fadièse,Pomponette,2006.0,Classical,176,96kbps
track_0011841,musiquette,Fadièse,Pomponette,2006.0,Classical,119,96kbps
track_0011842,melodinette,Fadièse,Pomponette,2006.0,Classical,91,96kbps
track_0011843,glinguinette,Fadièse,Pomponette,2006.0,Classical,96,96kbps
track_0011844,trotinette,Fadièse,Pomponette,2006.0,Classical,100,96kbps
track_0011845,berceusounette,Fadièse,Pomponette,2006.0,Classical,204,96kbps
track_0012099,Virtual defect,POSITIV HATE,HYMN OF DARKNESS,2004.0,Metal,273,96kbps
track_0012100,Hymn of Darkness,POSITIV HATE,HYMN OF DARKNESS,2004.0,symphonic,198,96kbps
track_0012101,Destruction of christrian's dream,POSITIV HATE,HYMN OF DARKNESS,2004.0,symphonic,237,96kbps
track_0012102,Nature,POSITIV HATE,HYMN OF DARKNESS,2004.0,symphonic,202,96kbps
track_0014013,Roots,Galdson,Roots,2006.0,newage,262,96kbps
track_0014014,Old times,Galdson,Roots,2006.0,Classical,220,96kbps
track_0014015,Life is good,Galdson,Roots,2006.0,newage,161,96kbps
track_0014016,Come back home,Galdson,Roots,2006.0,Classical,244,96kbps
track_0014017,Distance friend,Galdson,Roots,2006.0,Classical,206,96kbps
track_0014018,Sea heart,Galdson,Roots,2006.0,Classical,154,96kbps
track_0014019,Playing together,Galdson,Roots,2006.0,Classical,153,96kbps
track_0014020,Destiny,Galdson,Roots,2006.0,Classical,182,96kbps
track_0014021,Resignation,Galdson,Roots,2006.0,Classical,239,96kbps
track_0014022,Learning to live,Galdson,Roots,2006.0,newage,298,96kbps
track_0014023,First steps,Galdson,Roots,2006.0,Classical,126,96kbps
track_0014024,Legends,Galdson,Roots,2006.0,Classical,170,96kbps
track_0014025,Resurrection,Galdson,Roots,2006.0,Classical,125,96kbps
track_0014026,I believe in you,Galdson,Roots,2006.0,newage,168,96kbps
track_0014027,Sharing coffee,Galdson,Roots,2006.0,Classical,154,96kbps
track_0014028,Choosing my life,Galdson,Roots,2006.0,Classical,150,96kbps
track_0015161,november MMIII,Grace Valhalla,Psychopathethic,2005.0,Pop,374,96kbps
track_0015166,empty,Grace Valhalla,PEAK~,2006.0,Electronic,329,96kbps
track_0015167,experience II,Grace Valhalla,PEAK~,2006.0,chillout,246,96kbps
track_0015169,apricot hill,Grace Valhalla,PEAK~,2006.0,Electronic,147,96kbps
track_0015171,jenny,Grace Valhalla,PEAK~,2006.0,Electronic,319,96kbps
track_0015999,Hunt Club,Too Many I's,Too Many I's,2011.0,Rock,133,96kbps
track_0016000,Terror,Too Many I's,Too Many I's,2011.0,Rock,162,96kbps
track_0016039,Uchronica,Sevenless,Sampler 2006,2006.0,Electronic,178,96kbps
track_0016040,Nuisances Sonores,Sevenless,Sampler 2006,2006.0,Electronic,185,96kbps
track_0016041,At P K,Sevenless,Sampler 2006,2006.0,Electronic,239,96kbps
track_0016658,Drawing Circles,In Faded Glory,Polyplastic Heaven,2005.0,Rock,191,96kbps
track_0016659,Dead Can,In Faded Glory,Polyplastic Heaven,2005.0,Rock,320,96kbps
track_0016660,Choice Weighs A Ton,In Faded Glory,Polyplastic Heaven,2005.0,Rock,282,96kbps
track_0016661,Minor Groove,In Faded Glory,Polyplastic Heaven,2005.0,Rock,313,96kbps
track_0016662,Widow Maker,In Faded Glory,Polyplastic Heaven,2005.0,Rock,187,96kbps
track_0016663,990,In Faded Glory,Polyplastic Heaven,2005.0,Rock,276,96kbps
track_0016664,Ms Poly,In Faded Glory,Polyplastic Heaven,2005.0,Rock,265,96kbps
track_0016665,Det Kan,In Faded Glory,Polyplastic Heaven,2005.0,Rock,320,96kbps
track_0017148,Ta Prohm,Ksyz,Ta Prohm,2006.0,filmscore,73,96kbps
track_0017155,Illusions,Ksyz,Ta Prohm,2006.0,Classical,129,96kbps
track_0017156,LV17,Ksyz,Ta Prohm,2006.0,Electronic,86,96kbps
track_0017490,DEHi,Piergiorgio Lucidi,JazzMoves,2006.0,Jazz,230,96kbps
track_0017491,First Take,Piergiorgio Lucidi,JazzMoves,2006.0,Jazz,175,96kbps
track_0017492,JazzMoves,Piergiorgio Lucidi,JazzMoves,2006.0,Jazz,173,96kbps
track_0017493,Summer Swing,Piergiorgio Lucidi,JazzMoves,2006.0,Jazz,140,96kbps
track_0017494,Point Of Exit,Piergiorgio Lucidi,JazzMoves,2006.0,Rock,134,96kbps
track_0017778,Love under blouse,Arnoldsrecords,medical bistouri tour,2006.0,filmscore,253,96kbps
track_0018229,Ethereal Awakening,Project Divinity,Divinity,2006.0,Electronic,283,96kbps
track_0018231,Floating,Project Divinity,Divinity,2006.0,newage,263,96kbps
track_0018232,Inside a Cocoon,Project Divinity,Divinity,2006.0,Ambient,329,96kbps
track_0018233,Metamorphosis,Project Divinity,Divinity,2006.0,Ambient,240,96kbps
track_0018234,Second Awakening,Project Divinity,Divinity,2006.0,Ambient,318,96kbps
track_0018236,Third Awakening,Project Divinity,Divinity,2006.0,Ambient,364,96kbps
track_0018243,Hollow City,Project Divinity,Divinity,2006.0,chillout,171,96kbps
track_0019199,Erotika,Denis RICHARD,DR Song Part 1,2006.0,Ambient,262,96kbps
track_0019202,Mélancolie,Denis RICHARD,DR Song Part 1,2006.0,Ambient,308,96kbps
track_0019203,Pour Manon,Denis RICHARD,DR Song Part 1,2006.0,Ambient,245,96kbps
track_0019205,Good times are coming,Denis RICHARD,DR Song Part 1,2006.0,Ambient,268,96kbps
track_0020530,Garden Tree,"Robinson, Freitag And The Lonely Trumpet",Shaking Hands!,2005.0,Rock,232,96kbps
track_0020531,In Da Jungle,"Robinson, Freitag And The Lonely Trumpet",Shaking Hands!,2005.0,Rock,179,96kbps
track_0020532,Sister And Brother,"Robinson, Freitag And The Lonely Trumpet",Shaking Hands!,2005.0,ethno,155,96kbps
track_0020533,Running With Rockets,"Robinson, Freitag And The Lonely Trumpet",Shaking Hands!,2005.0,Rock,240,96kbps
track_0020534,I'm In Love,"Robinson, Freitag And The Lonely Trumpet",Shaking Hands!,2005.0,Rock,189,96kbps
track_0020535,Dancehall Madness,"Robinson, Freitag And The Lonely Trumpet",Shaking Hands!,2005.0,Rock,194,96kbps
track_0020536,Woman,"Robinson, Freitag And The Lonely Trumpet",Shaking Hands!,2005.0,ethno,196,96kbps
track_0020537,Happy New Year,"Robinson, Freitag And The Lonely Trumpet",Shaking Hands!,2005.0,world,100,96kbps
track_0020538,Music Is My Medicine,"Robinson, Freitag And The Lonely Trumpet",Shaking Hands!,2005.0,world,171,96kbps
track_0020743,Soleil,Arnoldsrecords,Sorrow's birthday,2006.0,filmscore,254,96kbps
track_0021492,Klein-Jiga,Olga Scotland,Scotland Yard,2007.0,world,79,96kbps
track_0021494,Koshka-Garmoshka,Olga Scotland,Scotland Yard,2007.0,newage,134,96kbps
track_0021502,Unikum ,Olga Scotland,Scotland Yard,2007.0,Jazz,105,96kbps
track_0021506,Butterfly,Olga Scotland,Scotland Yard,2007.0,newage,208,96kbps
track_0021509,Ernst,Olga Scotland,Scotland Yard,2007.0,symphonic,95,96kbps
track_0021983,H-3,Labogalak,Pop3 & co.,2006.0,Rock,271,96kbps
track_0022546,Introducción - Elegía,clbustos,Chuquicamata,2003.0,Folk,162,96kbps
track_0024017,A smile on your face,Cyborgjeff,Just a Smile (2006),2006.0,Dance,268,96kbps
track_0024019,Miss eskimo 'kshok vocal',Cyborgjeff,Just a Smile (2006),2006.0,Electronic,231,96kbps
track_0024835,Ta Prohm,Real Rice,Un arrière-goût de cannelle,2006.0,filmscore,73,96kbps
track_0024837,Illusions - version pizzicato,Real Rice,Un arrière-goût de cannelle,2006.0,,129,96kbps
track_0024842,Ta Prohm - version piano,Real Rice,Un arrière-goût de cannelle,2006.0,filmscore,47,96kbps
track_0025217,Childhood,Frozen Silence,Frozen Silence,2006.0,Classical,124,96kbps
track_0025218,Commemoration,Frozen Silence,Frozen Silence,2006.0,Classical,188,96kbps
track_0025220,"Lament, Part 1",Frozen Silence,Frozen Silence,2006.0,newage,74,96kbps
track_0025221,"Lament, Part 2",Frozen Silence,Frozen Silence,2006.0,,94,96kbps
track_0025222,Loneliness,Frozen Silence,Frozen Silence,2006.0,Classical,54,96kbps
track_0025223,Lucid Dream,Frozen Silence,Frozen Silence,2006.0,Classical,114,96kbps
track_0025225,Midwives,Frozen Silence,Frozen Silence,2006.0,Classical,85,96kbps
track_0025226,Nightingale,Frozen Silence,Frozen Silence,2006.0,Classical,139,96kbps
track_0025227,Presence,Frozen Silence,Frozen Silence,2006.0,filmscore,104,96kbps
track_0025237,A Warm Place,Frozen Silence,Heart of Winter,2006.0,newage,129,96kbps
track_0025238,Commemoration,Frozen Silence,Heart of Winter,2006.0,Classical,188,96kbps
track_0025240,Forgotten,Frozen Silence,Heart of Winter,2006.0,Classical,159,96kbps
track_0025241,Past Tense,Frozen Silence,Heart of Winter,2006.0,Classical,113,96kbps
track_0025242,Remains of the Day,Frozen Silence,Heart of Winter,2006.0,Classical,180,96kbps
track_0025243,Winter,Frozen Silence,Heart of Winter,2006.0,Pop,94,96kbps
track_0025247,Crystal Cavern,Celestial Aeon Project,Aeon,2005.0,filmscore,177,96kbps
track_0025251,Hope For Rebirth,Celestial Aeon Project,Aeon,2005.0,filmscore,314,96kbps
track_0025252,Mont St. Joseph,Celestial Aeon Project,Aeon,2005.0,Celtic,209,96kbps
track_0025254,Snowflakes,Celestial Aeon Project,Aeon,2005.0,chillout,211,96kbps
track_0025271,Instants Troubles,Badger,Quendi,2006.0,Rock,268,96kbps
track_0025379,Angel's Tear,Celestial Aeon Project,Aeon 2,2006.0,filmscore,134,96kbps
track_0025380,Angel's Tear (reprise),Celestial Aeon Project,Aeon 2,2006.0,filmscore,133,96kbps
track_0025381,New Dawn,Celestial Aeon Project,Aeon 2,2006.0,filmscore,150,96kbps
track_0025385,Remembrance,Celestial Aeon Project,Aeon 2,2006.0,filmscore,120,96kbps
track_0025389,Threshold,Celestial Aeon Project,Aeon 2,2006.0,filmscore,140,96kbps
track_0025877,"Schier me, Kathleen",Kangaroo MusiQue,Musik ist BUNT - RUhe bitte,2005.0,Electronic,239,96kbps
track_0026321,105 Jive,Rund Funk,105 Jive,1983.0,Funk,405,96kbps
track_0026403,Empty,Matti Paalanen,Hollow,2006.0,Ambient,175,96kbps
track_0026404,I Still Love Her,Matti Paalanen,Hollow,2006.0,newage,170,96kbps
track_0026405,Clouds Fly As I Smile,Matti Paalanen,Hollow,2006.0,Ambient,240,96kbps
track_0026427,Frozen Silence,Celestial Aeon Project,Aeon 3,2006.0,filmscore,188,96kbps
track_0026428,I Will Come For You,Celestial Aeon Project,Aeon 3,2006.0,filmscore,88,96kbps
track_0026431,Lords of the Sky,Celestial Aeon Project,Aeon 3,2006.0,filmscore,108,96kbps
track_0026433,Evening Falls,Celestial Aeon Project,Aeon 3,2006.0,filmscore,120,96kbps
track_0026435,Atmosphere,Celestial Aeon Project,Aeon 3,2006.0,,206,96kbps
track_0026436,Awakening,Celestial Aeon Project,Aeon 3,2006.0,filmscore,128,96kbps
track_0026439,Anxious Thoughts,Celestial Aeon Project,Aeon 3,2006.0,filmscore,114,96kbps
track_0026827,"So, Nat",Arnoldsrecords,Our own ways Out,2006.0,Pop,272,96kbps
track_0028191,I'm Still Here,Macroform,Barren Tree,2010.0,Electronic,119,96kbps
track_0029862,Deep blue (2005),Antony Raijekov,Jazz U,2007.0,Electronic,202,96kbps
track_0029863,Moment of Green (2005),Antony Raijekov,Jazz U,2007.0,Electronic,165,96kbps
track_0029864,Go 'n' Drop (2003),Antony Raijekov,Jazz U,2007.0,Electronic,168,96kbps
track_0029865,Drop of whisper (2005),Antony Raijekov,Jazz U,2007.0,Electronic,188,96kbps
track_0029866,Ambient-M (2003),Antony Raijekov,Jazz U,2007.0,Electronic,257,96kbps
track_0029867,Don-ki-Not (2003),Antony Raijekov,Jazz U,2007.0,Electronic,421,96kbps
track_0029868,EXIT 65 (2005),Antony Raijekov,Jazz U,2007.0,Electronic,328,96kbps
track_0029869,Chillout me (2004),Antony Raijekov,Jazz U,2007.0,chillout,225,96kbps
track_0029870,Lightout (2003),Antony Raijekov,Jazz U,2007.0,Electronic,302,96kbps
track_0029871,Fidder (2004),Antony Raijekov,Jazz U,2007.0,Electronic,158,96kbps
track_0029872,While We Walk (2004),Antony Raijekov,Jazz U,2007.0,chillout,188,96kbps
track_0029873,By the Coast (2004),Antony Raijekov,Jazz U,2007.0,nujazz,182,96kbps
track_0031517,Life is Strike,Kvaleoun,Da Funk In Da House,2007.0,Funk,184,96kbps
track_0034517,Around,Piergiorgio Lucidi,Spontaneous,2007.0,Jazz,208,96kbps
track_0034518,Cat Mind,Piergiorgio Lucidi,Spontaneous,2007.0,Jazz,301,96kbps
track_0034519,Spontaneous,Piergiorgio Lucidi,Spontaneous,2007.0,Jazz,273,96kbps
track_0034520,Critic,Piergiorgio Lucidi,Spontaneous,2007.0,Jazz,218,96kbps
track_0035744,El niño de las estrellas,Carlos Saura,Carlos Saura,2007.0,Rock,313,96kbps
track_0035745,El manantial,Carlos Saura,Carlos Saura,2007.0,,125,96kbps
track_0035749,Volando alto,Carlos Saura,Carlos Saura,2007.0,Rock,282,96kbps
track_0035750,La gruta del agua,Carlos Saura,Carlos Saura,2007.0,Ambient,201,96kbps
track_0036655,Yellow Marine,Hunt Club,Hunt Club EP 2006,2006.0,Rock,228,96kbps
track_0036656,LAmerica,Hunt Club,Hunt Club EP 2006,2006.0,Rock,215,96kbps
track_0036657,Uranium,Hunt Club,Hunt Club EP 2006,2006.0,Rock,229,96kbps
track_0036698,Sun System,eNoz,Nuits de glace,2007.0,filmscore,247,96kbps
track_0036983,"Night, Campfire, Kalimba (15 Tines)",SaReGaMa,Spirit of Kalimba,2007.0,world,94,96kbps
track_0038767,Poupine,Fadièse,"Pomponette II, le retour",2007.0,Classical,47,96kbps
track_0038768,Titine,Fadièse,"Pomponette II, le retour",2007.0,Jazz,69,96kbps
track_0038769,Bobine,Fadièse,"Pomponette II, le retour",2007.0,Classical,64,96kbps
track_0038770,Tartine,Fadièse,"Pomponette II, le retour",2007.0,Classical,62,96kbps
track_0038771,Coquine,Fadièse,"Pomponette II, le retour",2007.0,Classical,53,96kbps
track_0038772,Turbine,Fadièse,"Pomponette II, le retour",2007.0,Classical,57,96kbps
track_0038773,Colline,Fadièse,"Pomponette II, le retour",2007.0,Classical,196,96kbps
track_0038774,Comptine,Fadièse,"Pomponette II, le retour",2007.0,Classical,73,96kbps
track_0038775,Bassine,Fadièse,"Pomponette II, le retour",2007.0,Classical,62,96kbps
track_0038776,Fine,Fadièse,"Pomponette II, le retour",2007.0,Classical,107,96kbps
track_0040026,Out in the Air,engeo,Half of a Sentence,2007.0,Rock,218,96kbps
track_0040027,Dreamworld,engeo,Half of a Sentence,2007.0,Rock,183,96kbps
track_0040028,The Ballad of Jo Mango,engeo,Half of a Sentence,2007.0,Pop,260,96kbps
track_0040029,The Cellist,engeo,Half of a Sentence,2007.0,Rock,360,96kbps
track_0040148,"Comme des fous - ""Major zouk""",Johane ALEXIE,"Johane Alexie, L'integral",2003.0,zouk,269,96kbps
track_0040149,"Chaloupé -  ""Major zouk""",Johane ALEXIE,"Johane Alexie, L'integral",2003.0,zouk,256,96kbps
track_0040151,"Melodie blues - ""Intens""",Johane ALEXIE,"Johane Alexie, L'integral",2003.0,zouk,289,96kbps
track_0040152,"Pa chayé - Johane Alexie ""A deux""",Johane ALEXIE,"Johane Alexie, L'integral",2003.0,zouk,279,96kbps
track_0040153,San vou - Vwel vol2,Johane ALEXIE,"Johane Alexie, L'integral",2003.0,zouk,311,96kbps
track_0040155,"A deux - Johane Alexie - ""A deux""",Johane ALEXIE,"Johane Alexie, L'integral",2003.0,zouk,274,96kbps
track_0040156,"Jaloux - ""Intens""",Johane ALEXIE,"Johane Alexie, L'integral",2003.0,zouk,263,96kbps
track_0040157,"J'aurais du lui dire - ""Madin gwada""",Johane ALEXIE,"Johane Alexie, L'integral",2003.0,zouk,273,96kbps
track_0040158,"Désolé - Johane Alexie -""A deux""",Johane ALEXIE,"Johane Alexie, L'integral",2003.0,zouk,265,96kbps
track_0040159,"Médisens - ""Intens""",Johane ALEXIE,"Johane Alexie, L'integral",2003.0,zouk,296,96kbps
track_0040160,"Mwen pa envi - ""Vwel vol2""",Johane ALEXIE,"Johane Alexie, L'integral",2003.0,zouk,275,96kbps
track_0040161,"Regrets - Johane Alexie - ""A deux""",Johane ALEXIE,"Johane Alexie, L'integral",2003.0,zouk,262,96kbps
track_0040162,"Sublime amour - "" Major zouk""",Johane ALEXIE,"Johane Alexie, L'integral",2003.0,zouk,268,96kbps
track_0040620,I want 'n-zone edit 03' (feat. Miranda),Cyborgjeff,Let the sun shine (2003),2003.0,Trance,289,96kbps
track_0041963,Một câu chuyện tình yêu,eNoz,Pratiquement jamais rien,2007.0,filmscore,52,96kbps
track_0041966,短暫,eNoz,Pratiquement jamais rien,2007.0,Electronic,101,96kbps
track_0041976,Rendez-vous à 香港,eNoz,Pratiquement jamais rien,2007.0,filmscore,67,96kbps
track_0044670,What is good,Starlight,Let the music speak,2007.0,Rock,263,96kbps
track_0044674,What a night,Starlight,Let the music speak,2007.0,Rock,405,96kbps
track_0045570,Lägger Äse,Stromble Fix,lägger äse,2005.0,Rock,75,96kbps
track_0046189,Serenity,Giac & Juan,Serenity,2007.0,Ambient,239,96kbps
track_0046190,April,Giac & Juan,Serenity,2007.0,Ambient,188,96kbps
track_0046191,Dreaming underwater,Giac & Juan,Serenity,2007.0,Ambient,211,96kbps
track_0046192,Claudine's song,Giac & Juan,Serenity,2007.0,newage,176,96kbps
track_0046193,Life,Giac & Juan,Serenity,2007.0,Ambient,210,96kbps
track_0046194,On an angel's wings,Giac & Juan,Serenity,2007.0,Ambient,234,96kbps
track_0046195,Infinity,Giac & Juan,Serenity,2007.0,Ambient,394,96kbps
track_0046563,SUNRUHE - Machination,Alterlabel,alterlabel sampler vol2,2007.0,triphop,192,96kbps
track_0046565,FEAT THE VIBE - The dream that you wanted,Alterlabel,alterlabel sampler vol2,2007.0,Folk,137,96kbps
track_0046570,MICA - Rosa Alejandria (part1),Alterlabel,alterlabel sampler vol2,2007.0,Classical,112,96kbps
track_0046571,ABELCOAST - Sky meandering,Alterlabel,alterlabel sampler vol2,2007.0,Electronic,278,96kbps
track_0047404,Hope (Bonus Track),2Inventions,,2007.0,Classical,62,96kbps
track_0048044,Autumn tales,St Adam,my second album,2007.0,Industrial,380,96kbps
track_0048045,Old Man's Funk,St Adam,my second album,2007.0,Electronic,247,96kbps
track_0048046,Sunrise,St Adam,my second album,2007.0,Industrial,139,96kbps
track_0048047,Night At Ibiza,St Adam,my second album,2007.0,Electronic,156,96kbps
track_0048048,Alone,St Adam,my second album,2007.0,Electronic,235,96kbps
track_0048049,Child-Funk,St Adam,my second album,2007.0,Electronic,263,96kbps
track_0048719,Pantin des cendres,Tom La Meche,Où se cachent...,2007.0,Jazz,287,96kbps
track_0048720,Où se cachent les larmes,Tom La Meche,Où se cachent...,2007.0,Jazz,280,96kbps
track_0048721,5 mai à 17h,Tom La Meche,Où se cachent...,2007.0,Jazz,171,96kbps
track_0048722,Le retour du Ver,Tom La Meche,Où se cachent...,2007.0,Jazz,283,96kbps
track_0048723,Valse de septembre,Tom La Meche,Où se cachent...,2007.0,Jazz,249,96kbps
track_0048724,Baba au rhum,Tom La Meche,Où se cachent...,2007.0,Jazz,217,96kbps
track_0048725,Blues de novembre,Tom La Meche,Où se cachent...,2007.0,Jazz,203,96kbps
track_0048726,Interlude interrompu,Tom La Meche,Où se cachent...,2007.0,Jazz,136,96kbps
track_0048727,Où se cachent,Tom La Meche,Où se cachent...,2007.0,Jazz,269,96kbps
track_0048963,Celestia,Jaime Heras,Celestia,2007.0,Electronic,520,96kbps
track_0048966,Aurora Australis,Jaime Heras,Celestia,2007.0,newage,636,96kbps
track_0048972,Hoag's Object,Jaime Heras,Celestia,2007.0,Electronic,685,96kbps
track_0048976,Timebending,Jaime Heras,Celestia,2007.0,Electronic,578,96kbps
track_0048978,Solar Wind,Jaime Heras,Celestia,2007.0,darkambient,321,96kbps
track_0048979,Eyes of the Hubble,Jaime Heras,Celestia,2007.0,Ambient,493,96kbps
track_0049100,Burnbaby,Gen-X / OneMix,"Gen-X Vol1 Promo/Demo 1997-2000 ""I am ready"" ",2000.0,experimental,275,96kbps
track_0053218,Spirits of Ancestors Part2,SaReGaMa,Spirits of Ancestors (EP),2007.0,Ambient,569,96kbps
track_0053219,Peyote,SaReGaMa,Spirits of Ancestors (EP),2007.0,drone,479,96kbps
track_0064075,New age,Dzynek,Adventure,2007.0,Electronic,214,96kbps
track_0064078,Winter,Dzynek,Adventure,2007.0,Electronic,226,96kbps
track_0064079,Conzert,Dzynek,Adventure,2007.0,Electronic,206,96kbps
track_0066952,shell,Fresh Body Shop,Orgamilk,2005.0,poprock,226,96kbps
track_0066955,sunways,Fresh Body Shop,Orgamilk,2005.0,Pop,162,96kbps
track_0073149,the middle line,Fresh Body Shop,Make This End,2006.0,Rock,272,96kbps
track_0073154,angry machine,Fresh Body Shop,Make This End,2006.0,Rock,163,96kbps
track_0073157,holy gangstas,Fresh Body Shop,Make This End,2006.0,Rock,159,96kbps
track_0074654,Eavesdropping (Summer),D1sh1tu,Human Kind Xtinction,2007.0,Electronic,295,96kbps
track_0075223,Its love,Mob,Its love,2007.0,Electronic,305,96kbps
track_0076682,The Boy Of Thunder,Kangaroo MusiQue,Music For Sex With TenderBoys,2007.0,Electronic,369,96kbps
track_0076686,The Jock-Strap-Rock,Kangaroo MusiQue,Music For Sex With TenderBoys,2007.0,Pop,139,96kbps
track_0076972,Autumn,Jordan's Folk,Just for onces,2007.0,Folk,182,96kbps
track_0076974,Happy End,Jordan's Folk,Just for onces,2007.0,Folk,155,96kbps
track_0076976,Please Comeback,Jordan's Folk,Just for onces,2007.0,Pop,169,96kbps
track_0076977,Reacting,Jordan's Folk,Just for onces,2007.0,Folk,177,96kbps
track_0076982,In,Osira,A la Lumière,2007.0,Rock,136,96kbps
track_0076983,Résiste,Osira,A la Lumière,2007.0,Rock,149,96kbps
track_0076984,Etre en cage,Osira,A la Lumière,2007.0,Rock,204,96kbps
track_0076985,Pour toi,Osira,A la Lumière,2007.0,Rock,226,96kbps
track_0076986,De nos écarts,Osira,A la Lumière,2007.0,Rock,228,96kbps
track_0076987,Miss Jane,Osira,A la Lumière,2007.0,Rock,343,96kbps
track_0076988,L'entrainée,Osira,A la Lumière,2007.0,Rock,156,96kbps
track_0076989,Seul,Osira,A la Lumière,2007.0,Rock,208,96kbps
track_0076990,Out,Osira,A la Lumière,2007.0,Rock,89,96kbps
track_0078304,I Want to Destroy Something Beautiful,Josh Woodward,Dirty Wings,2007.0,Rock,228,96kbps
track_0078305,Stickybee,Josh Woodward,Dirty Wings,2007.0,Rock,199,96kbps
track_0078306,Insomnia,Josh Woodward,Dirty Wings,2007.0,Rock,209,96kbps
track_0078307,Gravity,Josh Woodward,Dirty Wings,2007.0,Pop,235,96kbps
track_0078308,The Vagabond,Josh Woodward,Dirty Wings,2007.0,Rock,267,96kbps
track_0078310,The Raven and the Swan,Josh Woodward,Dirty Wings,2007.0,Rock,233,96kbps
track_0078311,Cien Volando,Josh Woodward,Dirty Wings,2007.0,Pop,186,96kbps
track_0078313,Methylchloroisothiazolinone,Josh Woodward,Dirty Wings,2007.0,Rock,239,96kbps
track_0078314,Gallows Hill,Josh Woodward,Dirty Wings,2007.0,Rock,255,96kbps
track_0078361,C'est l'amour,Matthieu,C'est l'amour,2007.0,bossanova,294,96kbps
track_0078726,Darien Gap,Josh Woodward,Not Quite Connected,2007.0,Folk,246,96kbps
track_0078728,She Dreams in Blue,Josh Woodward,Not Quite Connected,2007.0,Folk,317,96kbps
track_0078729,Untitled,Josh Woodward,Not Quite Connected,2007.0,Pop,207,96kbps
track_0078730,Symmetry and the Pocket of Angels,Josh Woodward,Not Quite Connected,2007.0,Rock,247,96kbps
track_0078732,Dizzy Spells,Josh Woodward,Not Quite Connected,2007.0,Folk,237,96kbps
track_0078733,Honcho Graham From Birmingham,Josh Woodward,Not Quite Connected,2007.0,Folk,268,96kbps
track_0078736,River Went Dry,Josh Woodward,Not Quite Connected,2007.0,Rock,350,96kbps
track_0079514,le dub de lee lou,Audio_Out,bienvenue chez Audio_Out cd1,2007.0,Electronic,473,96kbps
track_0079516,la salle de bain ya wolfgang ( y va pas bien non plus!),Audio_Out,bienvenue chez Audio_Out cd1,2007.0,Electronic,527,96kbps
track_0079551,promenons nous dans l'aile funky,Audio_Out,bienvenue chez Audio_Out cd2,2007.0,Electronic,321,96kbps
track_0080374,Quelques Secondes,Jeremie Beul,Amourir,2007.0,Pop,222,96kbps
track_0080375,Avec mon Coeur (new version),Jeremie Beul,Amourir,2007.0,Rock,206,96kbps
track_0080376,S'aimer trop fort,Jeremie Beul,Amourir,2007.0,Rock,219,96kbps
track_0080377,L'histoire d'un soir,Jeremie Beul,Amourir,2007.0,Rock,182,96kbps
track_0080378,Emmene moi,Jeremie Beul,Amourir,2007.0,Pop,213,96kbps
track_0080500,Molten,"No, Really",Rust,2007.0,Folk,129,96kbps
track_0080501,Floodplain,"No, Really",Rust,2007.0,Pop,193,96kbps
track_0080502,Stop Payment,"No, Really",Rust,2007.0,Pop,128,96kbps
track_0080503,Rust,"No, Really",Rust,2007.0,Pop,151,96kbps
track_0080504,Go,"No, Really",Rust,2007.0,Pop,111,96kbps
track_0080505,Beginning of the End,"No, Really",Rust,2007.0,Pop,196,96kbps
track_0080506,"Citizen, Go Back to Sleep","No, Really",Rust,2007.0,Pop,117,96kbps
track_0080507,Do You Know Where Your Children Are?,"No, Really",Rust,2007.0,Pop,151,96kbps
track_0080508,Thousand Yard Stare,"No, Really",Rust,2007.0,Pop,237,96kbps
track_0080509,Breathing On Another Planet,"No, Really",Rust,2007.0,Folk,193,96kbps
track_0080884,Samadhi,SaReGaMa,Samadhi,2007.0,Ambient,539,96kbps
track_0080891,Desert Sunset (Flute Solo),SaReGaMa,Samadhi,2007.0,world,298,96kbps
track_0080892,Ruins of Bethel (Flute Solo),SaReGaMa,Samadhi,2007.0,middleeastern,327,96kbps
track_0081016,Infinitive Sight,Fortadelis,Ephemeris,2009.0,Ambient,198,96kbps
track_0081018,Cosmic Dawning,Fortadelis,Ephemeris,2009.0,newage,238,96kbps
track_0081021,Albedo,Fortadelis,Ephemeris,2009.0,newage,151,96kbps
track_0081025,Lightyear,Fortadelis,Ephemeris,2009.0,Ambient,240,96kbps
track_0081792,Náufragos I,Stidiek,,2023.0,"ambient, filmscore, rock",136,96kbps
track_0081919,02Planete_petite,elfes,Planète petite,2005.0,Pop,209,96kbps
track_0081993,14Un_dessin_sur_la_frontiere,elfes,Planète petite,2005.0,Pop,291,96kbps
track_0084494,03 03 - La Valsa,Taxi Brouss',Taxi Brouss' va arriver chez vous,2006.0,Reggae,244,96kbps
track_0084495,04 04 - Nani Bokondey,Taxi Brouss',Taxi Brouss' va arriver chez vous,2006.0,Reggae,191,96kbps
track_0084496,05 05 - Chereu Fall,Taxi Brouss',Taxi Brouss' va arriver chez vous,2006.0,Reggae,483,96kbps
track_0084497,02 02 - Lady,Taxi Brouss',Taxi Brouss' va arriver chez vous,2006.0,Reggae,198,96kbps
track_0084498,01 01 - Yaye,Taxi Brouss',Taxi Brouss' va arriver chez vous,2006.0,Reggae,343,96kbps
track_0085814,Sunday of Flavya,NeXuS,Love Technology,2007.0,Trance,424,96kbps
track_0085823,Light from Venicya,NeXuS,Love Technology,2007.0,Trance,669,96kbps
track_0086200,BLUESYV,val blurock,blues en construction,0.0,Blues,120,96kbps
track_0086247,BTNECK,val blurock,blues en construction,0.0,Blues,140,96kbps
track_0086756,For Danielle,SaReGaMa,3 Metallophone Solos,2007.0,newage,89,96kbps
track_0087478,Aero,Olga Scotland,Windy Head,2007.0,newage,158,96kbps
track_0087479,Black,Olga Scotland,Windy Head,2007.0,Electronic,80,96kbps
track_0087483,Glass Pumpa ,Olga Scotland,Windy Head,2007.0,Dance,215,96kbps
track_0087487,New Year Quest,Olga Scotland,Windy Head,2007.0,Ambient,144,96kbps
track_0087488,Shell ,Olga Scotland,Windy Head,2007.0,Classical,38,96kbps
track_0089071,Pour Toi,Elecmutec,Rien,2003.0,Electronic,396,96kbps
track_0090044,Space Ride,Oursvince,Around,2007.0,Electronic,101,96kbps
track_0090072,I'm from an other planet,Oursvince,Around,2007.0,Trance,533,96kbps
track_0091821,Last shot ever echoes,Stidiek,,2023.0,"ambient, electronic, classical",153,96kbps
track_0091822,Princesa (instrumental),Stidiek,,2023.0,"ambient, electronic",273,96kbps
track_0091824,Sadness locked in a song,Stidiek,,2023.0,"classical, filmscore",142,96kbps
track_0091826,Feelms,Stidiek,,2023.0,"electronic, filmscore",285,96kbps
track_0093376,Esperando a chuva passar,Jailson Brito Jr.,Barcos de papel,2007.0,Rock,186,96kbps
track_0094825,U luf me 'I love you' ,Cyborgjeff,Summer Island (1997),1997.0,Trance,195,96kbps
track_0095421,Hope,Giorgio Campagnano,Thinking,2010.0,filmscore,144,96kbps
track_0095538,I Like Piano,Giorgio Campagnano,Thinking,2010.0,filmscore,136,96kbps
track_0095612,Once,Renich,Nocturnal Overtures,2007.0,Electronic,253,96kbps
track_0095713,Rola Z,Renich,Nocturnal Overtures,2007.0,Electronic,215,96kbps
track_0095723,To be free,Renich,Nocturnal Overtures,2007.0,Electronic,180,96kbps
track_0096729,Fluydo - 7 Fool Moons - 02,Fluydo,7 Fool Moons 2/7,2007.0,,279,96kbps
track_0098542,The Lost Child,Nastyl Crooks,mySilence,2007.0,Ambient,130,96kbps
track_0098545,Times of Thunder,Nastyl Crooks,mySilence,2007.0,Folk,180,96kbps
track_0098546,Hunting with Elves,Nastyl Crooks,mySilence,2007.0,Folk,104,96kbps
track_0098548,Tears of the Sky,Nastyl Crooks,mySilence,2007.0,Pop,125,96kbps
track_0104275,Auto,Emorej,Introducing Emorej,2007.0,Electronic,177,96kbps
track_0108747,Lying Down,Macroform,Letting Your Self Go,2010.0,Ambient,329,96kbps
track_0108751,Letting Your Self Go,Macroform,Letting Your Self Go,2010.0,lofi,102,96kbps
track_0110023,Duo - Monastiri - FREETUBE,ERMO,FREETUBE,2007.0,Electronic,237,96kbps
track_0110029,VirtualPP - Monastiri - FREETUBE,ERMO,FREETUBE,2007.0,Electronic,251,96kbps
track_0110635,01 Xcyril - Alter Ego - La mort de Chloé,Xcyril,Alter Ego,2007.0,filmscore,62,96kbps
track_0110637,02 Xcyril - Alter Ego - Cauchemar de Max,Xcyril,Alter Ego,2007.0,experimental,58,96kbps
track_0110641,04 Xcyril - Alter Ego - Ricardo et Marc au parc,Xcyril,Alter Ego,2007.0,filmscore,93,96kbps
track_0110642,05 Xcyril - Alter Ego - Zeger est prisonnier,Xcyril,Alter Ego,2007.0,Electronic,167,96kbps
track_0110657,06 Xcyril - Alter Ego - Max s'introduit chez Zeger et commence a fouiller,Xcyril,Alter Ego,2007.0,Classical,182,96kbps
track_0110665,07 Xcyril - Alter Ego - Zeger et Dédale se rencontrent á Fourvière,Xcyril,Alter Ego,2007.0,filmscore,48,96kbps
track_0110666,08 Xcyril - Alter Ego - L'attaque de l'école,Xcyril,Alter Ego,2007.0,filmscore,320,96kbps
track_0111012,Leaves Fall,Macroform,Your Heart Is A Transceiver,2010.0,glitch,462,96kbps
track_0111024,Canister,Macroform,Your Heart Is A Transceiver,2010.0,Electronic,320,96kbps
track_0111026, Cold Day,Macroform,Your Heart Is A Transceiver,2010.0,downtempo,244,96kbps
track_0111028,Cool Grass,Macroform,Your Heart Is A Transceiver,2010.0,chillout,262,96kbps
track_0111032,Listening To The Birds,Macroform,Your Heart Is A Transceiver,2010.0,Ambient,410,96kbps
track_0111043,Ready To Go Higher,Macroform,Your Heart Is A Transceiver,2010.0,Electronic,282,96kbps
track_0111068,Who We Are (In Slow Time),Macroform,Your Heart Is A Transceiver,2010.0,filmscore,462,96kbps
track_0111582,dom,Efiel,2,2007.0,Electronic,155,96kbps
track_0114194,Züric Dreams,Pedro Collares,Hang Experience 1,2007.0,world,257,96kbps
track_0114195,Ulls,Pedro Collares,Hang Experience 1,2007.0,world,309,96kbps
track_0114196,Arabic,Pedro Collares,Hang Experience 1,2007.0,world,448,96kbps
track_0114197,Rock n`Hang,Pedro Collares,Hang Experience 1,2007.0,world,477,96kbps
track_0114198,Pow How,Pedro Collares,Hang Experience 1,2007.0,world,321,96kbps
track_0114199,Binz Flow,Pedro Collares,Hang Experience 1,2007.0,world,262,96kbps
track_0114200,Lake Sunset,Pedro Collares,Hang Experience 1,2007.0,world,241,96kbps
track_0114201,Incelença,Pedro Collares,Hang Experience 1,2007.0,world,287,96kbps
track_0116599,Swinging In A Secret Garden,Doc,Nangilima,2007.0,Ambient,922,96kbps
track_0116600,Alexander's Walk,Doc,Nangilima,2007.0,experimental,703,96kbps
track_0116616,Last Day Before The War,Doc,Nangilima,2007.0,experimental,869,96kbps
track_0116618,Pan's Dance,Doc,Nangilima,2007.0,Ambient,681,96kbps
track_0116622,Nangilima,Doc,Nangilima,2007.0,Ambient,829,96kbps
track_0117221,Oceanflute,Christoph Raddatz,Rise and fall,2007.0,,545,96kbps
track_0117318,Rise and fall,Christoph Raddatz,Rise and fall,2007.0,,236,96kbps
track_0117800,pentatonic audio device and auxilary outputs (),šundrdisko,hipi remover,2007.0,,258,96kbps
track_0120724,Johaness Gilther - Be With Me,2Inventions,,2007.0,Dance,294,96kbps
track_0120728,2Invention - Turbulences,2Inventions,,2007.0,Electronic,265,96kbps
track_0120729,2Invention - Disorientanion,2Inventions,,2007.0,Trance,262,96kbps
track_0120730,Johaness Gilther - Storm,2Inventions,,2007.0,Electronic,254,96kbps
track_0120731,Johaness Gilther - Reincarnation,2Inventions,,2007.0,Dance,313,96kbps
track_0120750,Esprit de l'arbre_2,Francesco,A la rencontre de Soi,2008.0,Pop,610,96kbps
track_0120751,Freres de Lumiere,Francesco,A la rencontre de Soi,2008.0,Electronic,335,96kbps
track_0120752,Jardins d'ailleurs2,Francesco,A la rencontre de Soi,2008.0,Electronic,318,96kbps
track_0120753,Présence,Francesco,A la rencontre de Soi,2008.0,Electronic,452,96kbps
track_0120754,Sur le chemin,Francesco,A la rencontre de Soi,2008.0,Electronic,370,96kbps
track_0120755,Tendre complicité,Francesco,A la rencontre de Soi,2008.0,Electronic,515,96kbps
track_0120756,Un Pas vers l'Autre,Francesco,A la rencontre de Soi,2008.0,Electronic,396,96kbps
track_0120760,Regard du Coeur,Francesco,A la rencontre de Soi,2008.0,Electronic,475,96kbps
track_0121034,Nocturn (Johaness Gilther Remix),2Inventions,,2007.0,Trance,262,96kbps
track_0121088,Three 4 Ten,Triplexity,Between Light And Shadow,2007.0,Jazz,304,96kbps
track_0121094,Love Supreme,Triplexity,Between Light And Shadow,2007.0,acidjazz,379,96kbps
track_0121128,Dream,Triplexity,Between Light And Shadow,2007.0,Ambient,502,96kbps
track_0121153,When Everybody's gone,Triplexity,Between Light And Shadow,2007.0,Ambient,119,96kbps
track_0123284,George est parti,Dutajel,Dutajel,2008.0,Ambient,202,96kbps
track_0123285,Espoir,Dutajel,Dutajel,2008.0,Ambient,253,96kbps
track_0125839,Light and Water,michael wehr,Transformation of a Water-Lily,2008.0,Ambient,502,96kbps
track_0125932,Shakra Dancing,michael wehr,Transformation of a Water-Lily,2008.0,,907,96kbps
track_0127864,Air (Kalimba Solo),SaReGaMa,The 4 Elements,2007.0,Ambient,142,96kbps
track_0127888,OBE#1,SaReGaMa,The 4 Elements,2007.0,Electronic,354,96kbps
track_0127890,OBE#2,SaReGaMa,The 4 Elements,2007.0,Electronic,374,96kbps
track_0127891,OBE#3,SaReGaMa,The 4 Elements,2007.0,chillout,374,96kbps
track_0128296,Nothing else,Art Yenta,,2024.0,"filmscore, symphonic",174,96kbps
track_0128300,Jour de pluie ,Art Yenta,,2024.0,"electronic, triphop",90,96kbps
track_0128301,Evidence,Art Yenta,,2024.0,filmscore,130,96kbps
track_0131261,Beatrice,michael wehr,AURA,2008.0,,244,96kbps
track_0131262,Contemplation,michael wehr,AURA,2008.0,,408,96kbps
track_0132278,Feeling,Gerry Davis,Deepspacex,2008.0,Pop,182,96kbps
track_0133514,Bad Fluid ,Fresh Body Shop,Rusty Demo Songs,2008.0,Rock,186,96kbps
track_0133516,If I Could ,Fresh Body Shop,Rusty Demo Songs,2008.0,Rock,191,96kbps
track_0133518,Am I Here,Fresh Body Shop,Rusty Demo Songs,2008.0,Pop,125,96kbps
track_0133519,Fruit Of A Bad Tree,Fresh Body Shop,Rusty Demo Songs,2008.0,Rock,168,96kbps
track_0133599,My Weird Friend,Fresh Body Shop,Rusty Demo Songs,2008.0,Rock,215,96kbps
track_0133600,The Cost Of A Dream,Fresh Body Shop,Rusty Demo Songs,2008.0,Rock,164,96kbps
track_0133653,Be My Twin,Fresh Body Shop,Rusty Demo Songs,2008.0,Pop,156,96kbps
track_0133656,One More Day ,Fresh Body Shop,Rusty Demo Songs,2008.0,Rock,211,96kbps
track_0133657,Some Kind Of Hell ,Fresh Body Shop,Rusty Demo Songs,2008.0,Electronic,170,96kbps
track_0133658,Never Enough,Fresh Body Shop,Rusty Demo Songs,2008.0,Rock,189,96kbps
track_0133660,Alone With Myself,Fresh Body Shop,Rusty Demo Songs,2008.0,Rock,199,96kbps
track_0134414,new day, Bsl & Bass,Bsl & Bass  IIIº Album,2008.0,Electronic,222,96kbps
track_0134738,A Place Of My Own,Racecar,10 Sad Songs,2008.0,Country,308,96kbps
track_0134739,Ballad Of Jim Jones,Racecar,10 Sad Songs,2008.0,Country,255,96kbps
track_0134754,Ballad Of Max Hand,Racecar,10 Sad Songs,2008.0,Country,370,96kbps
track_0134777,Ballad Of The Regretful Sinner,Racecar,10 Sad Songs,2008.0,Country,195,96kbps
track_0134799,Cancer,Racecar,10 Sad Songs,2008.0,Country,258,96kbps
track_0135244,Wedding Day,Racecar,10 Sad Songs,2008.0,Country,281,96kbps
track_0135849,Quand dans la force...,MoiJe,Essai de Conscience,2008.0,Ambient,459,96kbps
track_0140637,Sentiment,Abscondo,Midnight Snow,2008.0,Rock,248,96kbps
track_0140638,Strangled Into Gray,Abscondo,Midnight Snow,2008.0,Rock,213,96kbps
track_0140639,Tattoo Angel,Abscondo,Midnight Snow,2008.0,Rock,183,96kbps
track_0140640,Midnight Snow,Abscondo,Midnight Snow,2008.0,Rock,227,96kbps
track_0140641,Buyer Beware,Abscondo,Midnight Snow,2008.0,Rock,292,96kbps
track_0140642,Candle Glow,Abscondo,Midnight Snow,2008.0,Rock,241,96kbps
track_0140643,Morning Rain,Abscondo,Midnight Snow,2008.0,Rock,179,96kbps
track_0140644,Beneath The Lies,Abscondo,Midnight Snow,2008.0,Rock,149,96kbps
track_0140645,Footprint,Abscondo,Midnight Snow,2008.0,Rock,219,96kbps
track_0140646,Dreamscape,Abscondo,Midnight Snow,2008.0,Rock,215,96kbps
track_0145855,Mandala Orient,Mandala Meditation,Mandala,2008.0,world,192,96kbps
track_0147385,Dirty Fitness,Nationale2,Meka Musik,2008.0,Electronic,240,96kbps
track_0147386,Fucking Sucking,Nationale2,Meka Musik,2008.0,Electronic,200,96kbps
track_0147393,Ring me,Nationale2,Meka Musik,2008.0,House,261,96kbps
track_0149356,mala,Ton,Dentro ,2008.0,Pop,221,96kbps
track_0149361,Mandala do Amor,Greco Cruz,ACORDA PRA VIVER,2008.0,Rock,284,96kbps
track_0153400,The Girl On The Fish,Olga Scotland,Крадущийся \ Prowler,2008.0,Ambient,289,96kbps
track_0159663,melodie des nuits longues,Franck Mouzon,Lumières froides / nuits blanches (2008),2008.0,Ambient,245,96kbps
track_0162026,Saturday,Josh Woodward,The Simple Life,2008.0,Pop,269,96kbps
track_0162027,The Parade,Josh Woodward,The Simple Life,2008.0,Pop,267,96kbps
track_0162030,I'm Letting Go,Josh Woodward,The Simple Life,2008.0,Folk,192,96kbps
track_0162034,History Repeats,Josh Woodward,The Simple Life,2008.0,Pop,178,96kbps
track_0162035,Ships,Josh Woodward,The Simple Life,2008.0,Pop,109,96kbps
track_0162038,Don't Close Your Eyes,Josh Woodward,The Simple Life,2008.0,Pop,214,96kbps
track_0162039,Me and Billy Barnum,Josh Woodward,The Simple Life,2008.0,Pop,210,96kbps
track_0162040,Shadows in the Moonlight,Josh Woodward,The Simple Life,2008.0,Pop,264,96kbps
track_0162042,Memorized,Josh Woodward,The Simple Life,2008.0,Pop,265,96kbps
track_0162043,The Mission,Josh Woodward,The Simple Life,2008.0,Pop,228,96kbps
track_0162044,I Wanna Know,Josh Woodward,The Simple Life,2008.0,Pop,157,96kbps
track_0165309,Poseidon,RudySeb,Poseidon,2008.0,Electronic,366,96kbps
track_0166577,The Struggle,Hobotwang,Hobotwang,2008.0,Folk,126,96kbps
track_0166580,Chiringuito,Hobotwang,Hobotwang,2008.0,Reggae,384,96kbps
